{
  "project_info": {
    "project_number": "1002515229817",
    "project_id": "brenos-e21a0",
    "storage_bucket": "brenos-e21a0.appspot.com"
  },
  "client": [
    {
      "client_info": {
        "mobilesdk_app_id": "1:1002515229817:android:9649488e0a99bfbc9db8a8",
        "android_client_info": {
          "package_name": "com.mycompany.cocessioanria"
        }
      },
      "oauth_client": [],
      "api_key": [
        {
          "current_key": "AIzaSyBGNa_z1AiK-IfdGVHgGo1Tt4C3rTGGTgg"
        }
      ],
      "services": {
        "appinvite_service": {
          "other_platform_oauth_client": []
        }
      }
    }
  ],
  "configuration_version": "1"
}